{
  "out\\grid_5x5_seed23.csv": {
    "OtoD": {
      "avg_length": 5.656854249492381,
      "avg_time": 0.0069420666647298885,
      "last_seq": [
        [
          [
            0,
            0
          ],
          0
        ],
        [
          [
            2,
            2
          ],
          1
        ],
        [
          [
            4,
            0
          ],
          1
        ]
      ],
      "valid": true
    },
    "DtoO": {
      "avg_length": 5.656854249492381,
      "avg_time": 0.006001500000517505,
      "last_seq": [
        [
          [
            4,
            0
          ],
          0
        ],
        [
          [
            2,
            2
          ],
          1
        ],
        [
          [
            0,
            0
          ],
          1
        ]
      ],
      "valid": true
    }
  }
}