Griglia,Dimensione,Variante,Direzione,Tempo_Medio(s),Tempo_Min(s),Tempo_Max(s),Memoria_Media(MB),Memoria_Min(MB),Memoria_Max(MB),Ricorsioni_Medie
frames_04,20,0,O→D,0.154562,0.154562,0.154562,0.0318,0.0318,0.0318,12.00
frames_04,20,0,D→O,0.064211,0.064211,0.064211,0.0398,0.0398,0.0398,4.00
frames_04,20,1,O→D,0.031000,0.031000,0.031000,0.0311,0.0311,0.0311,1.00
frames_04,20,1,D→O,0.038201,0.038201,0.038201,0.0398,0.0398,0.0398,1.00
