{
  "metadata": {
    "timestamp": "20260130_182329",
    "generated_at": "2026-01-30T19:04:24.024005",
    "grid_directory": "/mnt/d/Progetti/Algoritmi/ProgettoAlgoritmi/benchmark/50x50",
    "trials_per_test": 1,
    "deadline_seconds": 600.0,
    "total_grids": 1
  },
  "results": [
    {
      "grid_name": "agglomerates_05",
      "grid_size": 50,
      "origin": [
        0,
        0
      ],
      "destination": [
        49,
        49
      ],
      "variants": {
        "variant_0": {
          "OtoD": {
            "avg_time": 600.014545094,
            "min_time": 600.014545094,
            "max_time": 600.014545094,
            "avg_memory_mb": 3.0685806274414062,
            "min_memory_mb": 3.0685806274414062,
            "max_memory_mb": 3.0685806274414062,
            "avg_recursions": 7625.0,
            "all_trials": [
              {
                "trial": 1,
                "time": 600.014545094,
                "memory_mb": 3.0685806274414062,
                "recursions": 7625,
                "frontiers": 13973,
                "tipo1": 8276,
                "tipo2": 4356,
                "length": 198.75230867899734,
                "completed": false
              }
            ]
          },
          "DtoO": {
            "avg_time": 600.0113232670001,
            "min_time": 600.0113232670001,
            "max_time": 600.0113232670001,
            "avg_memory_mb": 1.785186767578125,
            "min_memory_mb": 1.785186767578125,
            "max_memory_mb": 1.785186767578125,
            "avg_recursions": 11088.0,
            "all_trials": [
              {
                "trial": 1,
                "time": 600.0113232670001,
                "memory_mb": 1.785186767578125,
                "recursions": 11088,
                "frontiers": 12346,
                "tipo1": 4444,
                "tipo2": 6644,
                "length": -1,
                "completed": false
              }
            ]
          }
        },
        "variant_1": {
          "OtoD": {
            "avg_time": 600.0768199119998,
            "min_time": 600.0768199119998,
            "max_time": 600.0768199119998,
            "avg_memory_mb": 2.9469451904296875,
            "min_memory_mb": 2.9469451904296875,
            "max_memory_mb": 2.9469451904296875,
            "avg_recursions": 6780.0,
            "all_trials": [
              {
                "trial": 1,
                "time": 600.0768199119998,
                "memory_mb": 2.9469451904296875,
                "recursions": 6780,
                "frontiers": 19330,
                "tipo1": 10722,
                "tipo2": 7318,
                "length": 184.50966799187808,
                "completed": false
              }
            ]
          },
          "DtoO": {
            "avg_time": 600.0201480360001,
            "min_time": 600.0201480360001,
            "max_time": 600.0201480360001,
            "avg_memory_mb": 1.7856674194335938,
            "min_memory_mb": 1.7856674194335938,
            "max_memory_mb": 1.7856674194335938,
            "avg_recursions": 11415.0,
            "all_trials": [
              {
                "trial": 1,
                "time": 600.0201480360001,
                "memory_mb": 1.7856674194335938,
                "recursions": 11415,
                "frontiers": 12670,
                "tipo1": 4579,
                "tipo2": 6836,
                "length": -1,
                "completed": false
              }
            ]
          }
        }
      }
    }
  ]
}