{
  "metadata": {
    "timestamp": "20260130_190642",
    "generated_at": "2026-01-30T21:09:51.083801",
    "grid_directory": "/mnt/d/Progetti/Algoritmi/ProgettoAlgoritmi/benchmark/50x50",
    "trials_per_test": 1,
    "deadline_seconds": 1800.0,
    "total_grids": 1
  },
  "results": [
    {
      "grid_name": "agglomerates_05",
      "grid_size": 50,
      "origin": [
        0,
        0
      ],
      "destination": [
        49,
        49
      ],
      "variants": {
        "variant_0": {
          "OtoD": {
            "avg_time": 1800.0440279040004,
            "min_time": 1800.0440279040004,
            "max_time": 1800.0440279040004,
            "avg_memory_mb": 3.0685806274414062,
            "min_memory_mb": 3.0685806274414062,
            "max_memory_mb": 3.0685806274414062,
            "avg_recursions": 22932.0,
            "all_trials": [
              {
                "trial": 1,
                "time": 1800.0440279040004,
                "memory_mb": 3.0685806274414062,
                "recursions": 22932,
                "frontiers": 38830,
                "tipo1": 24956,
                "tipo2": 12540,
                "length": 198.75230867899734,
                "completed": false
              }
            ]
          },
          "DtoO": {
            "avg_time": 1800.020684604,
            "min_time": 1800.020684604,
            "max_time": 1800.020684604,
            "avg_memory_mb": 1.785186767578125,
            "min_memory_mb": 1.785186767578125,
            "max_memory_mb": 1.785186767578125,
            "avg_recursions": 34539.0,
            "all_trials": [
              {
                "trial": 1,
                "time": 1800.020684604,
                "memory_mb": 1.785186767578125,
                "recursions": 34539,
                "frontiers": 35798,
                "tipo1": 13806,
                "tipo2": 20733,
                "length": -1,
                "completed": false
              }
            ]
          }
        },
        "variant_1": {
          "OtoD": {
            "avg_time": 1800.073113632,
            "min_time": 1800.073113632,
            "max_time": 1800.073113632,
            "avg_memory_mb": 2.9469451904296875,
            "min_memory_mb": 2.9469451904296875,
            "max_memory_mb": 2.9469451904296875,
            "avg_recursions": 23029.0,
            "all_trials": [
              {
                "trial": 1,
                "time": 1800.073113632,
                "memory_mb": 2.9469451904296875,
                "recursions": 23029,
                "frontiers": 65063,
                "tipo1": 33401,
                "tipo2": 30395,
                "length": 184.50966799187808,
                "completed": false
              }
            ]
          },
          "DtoO": {
            "avg_time": 1800.0473941479995,
            "min_time": 1800.0473941479995,
            "max_time": 1800.0473941479995,
            "avg_memory_mb": 1.7856674194335938,
            "min_memory_mb": 1.7856674194335938,
            "max_memory_mb": 1.7856674194335938,
            "avg_recursions": 34504.0,
            "all_trials": [
              {
                "trial": 1,
                "time": 1800.0473941479995,
                "memory_mb": 1.7856674194335938,
                "recursions": 34504,
                "frontiers": 35767,
                "tipo1": 13792,
                "tipo2": 20712,
                "length": -1,
                "completed": false
              }
            ]
          }
        }
      }
    }
  ]
}