Griglia,Dimensione,Variante,Direzione,Tempo_Medio(s),Tempo_Min(s),Tempo_Max(s),Memoria_Media(MB),Memoria_Min(MB),Memoria_Max(MB),Ricorsioni_Medie
bars_04,20,0,O→D,600.007079,600.003868,600.010291,0.1924,0.1924,0.1924,42482.50
bars_04,20,0,D→O,600.005696,600.002935,600.008457,0.1935,0.1935,0.1935,75494.00
bars_04,20,1,O→D,0.188688,0.184612,0.192765,0.0994,0.0993,0.0994,13.00
bars_04,20,1,D→O,56.788771,56.759716,56.817825,0.1775,0.1774,0.1775,6223.00
